"id","RI","Raw.file","celltype","lcbatch","sortday","digest","cvm"
"i10","Reporter.intensity.corrected.10","XwGH0500","untreated","B","B","C",0.353337918178283
"i102","Reporter.intensity.corrected.6","XwGH0526","LPS","B","B","C",0.291037457862172
"i103","Reporter.intensity.corrected.7","XwGH0526","LPS","B","B","C",0.302208671364241
"i104","Reporter.intensity.corrected.8","XwGH0526","LPS","B","B","C",0.34536916263378
"i105","Reporter.intensity.corrected.9","XwGH0526","LPS","B","B","C",0.295631589895907
"i106","Reporter.intensity.corrected.10","XwGH0526","LPS","B","B","C",0.353554704478086
"i107","Reporter.intensity.corrected.11","XwGH0526","untreated","B","B","C",0.339590472828504
"i108","Reporter.intensity.corrected.12","XwGH0526","untreated","B","B","C",0.327128189852406
"i109","Reporter.intensity.corrected.13","XwGH0526","untreated","B","B","C",0.328681836237832
"i11","Reporter.intensity.corrected.11","XwGH0500","untreated","B","B","C",0.381091599810035
"i110","Reporter.intensity.corrected.14","XwGH0526","untreated","B","B","C",0.336463761225554
"i111","Reporter.intensity.corrected.15","XwGH0526","untreated","B","B","C",0.360977816517949
"i112","Reporter.intensity.corrected.16","XwGH0526","control","B","B","C",0.579083647889352
"i118","Reporter.intensity.corrected.6","XwGH0528","untreated","B","B","C",0.336366482335064
"i119","Reporter.intensity.corrected.7","XwGH0528","untreated","B","B","C",0.375377553779728
"i12","Reporter.intensity.corrected.12","XwGH0500","untreated","B","B","C",0.438471696996579
"i120","Reporter.intensity.corrected.8","XwGH0528","untreated","B","B","C",0.28662779229126
"i121","Reporter.intensity.corrected.9","XwGH0528","untreated","B","B","C",0.289889316165157
"i122","Reporter.intensity.corrected.10","XwGH0528","untreated","B","B","C",0.348297348374644
"i123","Reporter.intensity.corrected.11","XwGH0528","control","B","B","C",0.696822789160275
"i124","Reporter.intensity.corrected.12","XwGH0528","LPS","B","B","C",0.30294281399207
"i125","Reporter.intensity.corrected.13","XwGH0528","LPS","B","B","C",0.342041203519113
"i126","Reporter.intensity.corrected.14","XwGH0528","LPS","B","B","C",0.300114424957094
"i127","Reporter.intensity.corrected.15","XwGH0528","LPS","B","B","C",0.292713977346247
"i128","Reporter.intensity.corrected.16","XwGH0528","LPS","B","B","C",0.483046452553353
"i13","Reporter.intensity.corrected.13","XwGH0500","control","B","B","C",0.810062101506892
"i134","Reporter.intensity.corrected.6","XwGH0530","LPS","B","B","C",0.308138610437338
"i135","Reporter.intensity.corrected.7","XwGH0530","LPS","B","B","C",0.3404604431817
"i136","Reporter.intensity.corrected.8","XwGH0530","untreated","B","B","C",0.369188079446145
"i137","Reporter.intensity.corrected.9","XwGH0530","untreated","B","B","C",0.355768931910679
"i138","Reporter.intensity.corrected.10","XwGH0530","untreated","B","B","C",0.340985966805201
"i139","Reporter.intensity.corrected.11","XwGH0530","untreated","B","B","C",0.315767044241318
"i14","Reporter.intensity.corrected.14","XwGH0500","LPS","B","B","C",0.340024689041771
"i140","Reporter.intensity.corrected.12","XwGH0530","untreated","B","B","C",0.300899649366428
"i141","Reporter.intensity.corrected.13","XwGH0530","control","B","B","C",0.661233766289048
"i142","Reporter.intensity.corrected.14","XwGH0530","LPS","B","B","C",0.351069701706575
"i143","Reporter.intensity.corrected.15","XwGH0530","LPS","B","B","C",0.319583536575451
"i144","Reporter.intensity.corrected.16","XwGH0530","LPS","B","B","C",0.317216082500804
"i15","Reporter.intensity.corrected.15","XwGH0500","LPS","B","B","C",0.332583520062863
"i150","Reporter.intensity.corrected.6","XwGH0531","untreated","B","B","C",0.29521874434216
"i151","Reporter.intensity.corrected.7","XwGH0531","untreated","B","B","C",0.3426657023539
"i152","Reporter.intensity.corrected.8","XwGH0531","untreated","B","B","C",0.590855625691432
"i153","Reporter.intensity.corrected.9","XwGH0531","control","B","B","C",0.60598969078027
"i154","Reporter.intensity.corrected.10","XwGH0531","LPS","B","B","C",0.480805884639065
"i155","Reporter.intensity.corrected.11","XwGH0531","LPS","B","B","C",0.317686294276977
"i156","Reporter.intensity.corrected.12","XwGH0531","LPS","B","B","C",0.352258126008862
"i157","Reporter.intensity.corrected.13","XwGH0531","LPS","B","B","C",0.310347710615665
"i158","Reporter.intensity.corrected.14","XwGH0531","untreated","B","B","C",0.335360572162307
"i159","Reporter.intensity.corrected.15","XwGH0531","LPS","B","B","C",0.302300975482132
"i16","Reporter.intensity.corrected.16","XwGH0500","LPS","B","B","C",0.349331309157647
"i160","Reporter.intensity.corrected.16","XwGH0531","untreated","B","B","C",0.304816092436
"i166","Reporter.intensity.corrected.6","XwGH0535","untreated","B","B","C",0.323042139083003
"i167","Reporter.intensity.corrected.7","XwGH0535","untreated","B","B","C",0.357747314036932
"i168","Reporter.intensity.corrected.8","XwGH0535","control","B","B","C",0.736623299530213
"i169","Reporter.intensity.corrected.9","XwGH0535","LPS","B","B","C",0.287576170234292
"i170","Reporter.intensity.corrected.10","XwGH0535","LPS","B","B","C",0.267135850758083
"i171","Reporter.intensity.corrected.11","XwGH0535","LPS","B","B","C",0.290867512903208
"i172","Reporter.intensity.corrected.12","XwGH0535","LPS","B","B","C",0.273590960044346
"i173","Reporter.intensity.corrected.13","XwGH0535","LPS","B","B","C",0.322154322985872
"i174","Reporter.intensity.corrected.14","XwGH0535","untreated","B","B","C",0.277249026709003
"i175","Reporter.intensity.corrected.15","XwGH0535","untreated","B","B","C",0.313689491552021
"i176","Reporter.intensity.corrected.16","XwGH0535","untreated","B","B","C",0.306510906550197
"i182","Reporter.intensity.corrected.6","XwGH0536","LPS","B","B","C",0.274885523976038
"i183","Reporter.intensity.corrected.7","XwGH0536","LPS","B","B","C",0.290806336291018
"i184","Reporter.intensity.corrected.8","XwGH0536","untreated","B","B","C",0.309925215004171
"i185","Reporter.intensity.corrected.9","XwGH0536","untreated","B","B","C",0.324909749682979
"i186","Reporter.intensity.corrected.10","XwGH0536","untreated","B","B","C",0.288922242415075
"i187","Reporter.intensity.corrected.11","XwGH0536","untreated","B","B","C",0.365520702556816
"i188","Reporter.intensity.corrected.12","XwGH0536","untreated","B","B","C",0.38717936899132
"i189","Reporter.intensity.corrected.13","XwGH0536","control","B","B","C",0.734093511071219
"i190","Reporter.intensity.corrected.14","XwGH0536","LPS","B","B","C",0.309715021486144
"i191","Reporter.intensity.corrected.15","XwGH0536","LPS","B","B","C",0.289195908401023
"i192","Reporter.intensity.corrected.16","XwGH0536","LPS","B","B","C",0.33498863203623
"i198","Reporter.intensity.corrected.6","XwGH0537","LPS","B","B","C",0.314477263912442
"i199","Reporter.intensity.corrected.7","XwGH0537","LPS","B","B","C",0.311389082355728
"i200","Reporter.intensity.corrected.8","XwGH0537","LPS","B","B","C",0.337798404521348
"i201","Reporter.intensity.corrected.9","XwGH0537","LPS","B","B","C",0.315475117108792
"i202","Reporter.intensity.corrected.10","XwGH0537","untreated","B","B","C",0.344231685995057
"i203","Reporter.intensity.corrected.11","XwGH0537","untreated","B","B","C",0.318657243294422
"i204","Reporter.intensity.corrected.12","XwGH0537","untreated","B","B","C",0.331554759491314
"i205","Reporter.intensity.corrected.13","XwGH0537","untreated","B","B","C",0.304676457582463
"i206","Reporter.intensity.corrected.14","XwGH0537","control","B","B","C",0.670890186398946
"i207","Reporter.intensity.corrected.15","XwGH0537","untreated","B","B","C",0.309354633137638
"i208","Reporter.intensity.corrected.16","XwGH0537","LPS","B","B","C",0.316907288413611
"i214","Reporter.intensity.corrected.6","XwGH0538","LPS","B","B","C",0.333350535517139
"i215","Reporter.intensity.corrected.7","XwGH0538","LPS","B","B","C",0.315745788315428
"i216","Reporter.intensity.corrected.8","XwGH0538","LPS","B","B","C",0.312133803702608
"i217","Reporter.intensity.corrected.9","XwGH0538","untreated","B","B","C",0.353270767504842
"i218","Reporter.intensity.corrected.10","XwGH0538","untreated","B","B","C",0.341810100229116
"i219","Reporter.intensity.corrected.11","XwGH0538","untreated","B","B","C",0.353276024182226
"i22","Reporter.intensity.corrected.6","XwGH0501","LPS","B","B","C",0.356173977514036
"i220","Reporter.intensity.corrected.12","XwGH0538","untreated","B","B","C",0.308377316201517
"i221","Reporter.intensity.corrected.13","XwGH0538","untreated","B","B","C",0.312915307938895
"i222","Reporter.intensity.corrected.14","XwGH0538","LPS","B","B","C",0.309368989042509
"i223","Reporter.intensity.corrected.15","XwGH0538","control","B","B","C",0.60303798211804
"i224","Reporter.intensity.corrected.16","XwGH0538","LPS","B","B","C",0.320958632710031
"i23","Reporter.intensity.corrected.7","XwGH0501","LPS","B","B","C",0.712248644304562
"i230","Reporter.intensity.corrected.6","XwGH0539","LPS","B","B","C",0.33608188387208
"i231","Reporter.intensity.corrected.7","XwGH0539","untreated","B","B","C",0.376082037916847
"i232","Reporter.intensity.corrected.8","XwGH0539","untreated","B","B","C",0.361595859013113
"i233","Reporter.intensity.corrected.9","XwGH0539","untreated","B","B","C",0.365330124977844
"i234","Reporter.intensity.corrected.10","XwGH0539","untreated","B","B","C",0.396903316915096
"i235","Reporter.intensity.corrected.11","XwGH0539","untreated","B","B","C",0.335225685958804
"i236","Reporter.intensity.corrected.12","XwGH0539","untreated","B","B","C",0.348162068848457
"i237","Reporter.intensity.corrected.13","XwGH0539","LPS","B","B","C",0.332475251588207
"i238","Reporter.intensity.corrected.14","XwGH0539","LPS","B","B","C",0.353761445315531
"i239","Reporter.intensity.corrected.15","XwGH0539","LPS","B","B","C",0.33116650224741
"i24","Reporter.intensity.corrected.8","XwGH0501","LPS","B","B","C",0.320010638186249
"i240","Reporter.intensity.corrected.16","XwGH0539","LPS","B","B","C",0.33015676050401
"i246","Reporter.intensity.corrected.6","XwGH0502","LPS","B","B","C",0.327125489306609
"i247","Reporter.intensity.corrected.7","XwGH0502","untreated","B","B","C",0.708646571709265
"i248","Reporter.intensity.corrected.8","XwGH0502","untreated","B","B","C",0.327933058315858
"i249","Reporter.intensity.corrected.9","XwGH0502","untreated","B","B","C",0.324911272048194
"i25","Reporter.intensity.corrected.9","XwGH0501","LPS","B","B","C",0.316799812707613
"i250","Reporter.intensity.corrected.10","XwGH0502","untreated","B","B","C",0.367945768245957
"i251","Reporter.intensity.corrected.11","XwGH0502","untreated","B","B","C",0.342920291962877
"i252","Reporter.intensity.corrected.12","XwGH0502","untreated","B","B","C",0.295144476182338
"i253","Reporter.intensity.corrected.13","XwGH0502","LPS","B","B","C",0.356302547840775
"i254","Reporter.intensity.corrected.14","XwGH0502","LPS","B","B","C",0.320175485222781
"i255","Reporter.intensity.corrected.15","XwGH0502","LPS","B","B","C",0.335244193149442
"i256","Reporter.intensity.corrected.16","XwGH0502","LPS","B","B","C",0.33302452618466
"i26","Reporter.intensity.corrected.10","XwGH0501","untreated","B","B","C",0.323741140886341
"i262","Reporter.intensity.corrected.6","XwGH0504","LPS","B","B","C",0.316134401359029
"i263","Reporter.intensity.corrected.7","XwGH0504","untreated","B","B","C",0.337040340975989
"i264","Reporter.intensity.corrected.8","XwGH0504","untreated","B","B","C",0.35854755409717
"i265","Reporter.intensity.corrected.9","XwGH0504","untreated","B","B","C",0.376365241533161
"i266","Reporter.intensity.corrected.10","XwGH0504","untreated","B","B","C",0.399214049546012
"i267","Reporter.intensity.corrected.11","XwGH0504","untreated","B","B","C",0.341992885188921
"i268","Reporter.intensity.corrected.12","XwGH0504","untreated","B","B","C",0.312251415111633
"i269","Reporter.intensity.corrected.13","XwGH0504","LPS","B","B","C",0.332730804109691
"i27","Reporter.intensity.corrected.11","XwGH0501","untreated","B","B","C",0.322913582451319
"i270","Reporter.intensity.corrected.14","XwGH0504","LPS","B","B","C",0.349102763172861
"i271","Reporter.intensity.corrected.15","XwGH0504","LPS","B","B","C",0.301014142747168
"i272","Reporter.intensity.corrected.16","XwGH0504","LPS","B","B","C",0.359463638001786
"i278","Reporter.intensity.corrected.6","XwGH0506","untreated","B","B","C",0.317417505881286
"i279","Reporter.intensity.corrected.7","XwGH0506","untreated","B","B","C",0.336291670854367
"i28","Reporter.intensity.corrected.12","XwGH0501","untreated","B","B","C",0.346102876412399
"i280","Reporter.intensity.corrected.8","XwGH0506","untreated","B","B","C",0.327056921832904
"i281","Reporter.intensity.corrected.9","XwGH0506","untreated","B","B","C",0.350134944204595
"i282","Reporter.intensity.corrected.10","XwGH0506","control","B","B","C",0.717762730019551
"i283","Reporter.intensity.corrected.11","XwGH0506","LPS","B","B","C",0.339746076389748
"i284","Reporter.intensity.corrected.12","XwGH0506","LPS","B","B","C",0.298459014451165
"i285","Reporter.intensity.corrected.13","XwGH0506","LPS","B","B","C",0.65052256636347
"i286","Reporter.intensity.corrected.14","XwGH0506","LPS","B","B","C",0.325414210417749
"i287","Reporter.intensity.corrected.15","XwGH0506","LPS","B","B","C",0.308326735136861
"i288","Reporter.intensity.corrected.16","XwGH0506","untreated","B","B","C",0.317143329115022
"i29","Reporter.intensity.corrected.13","XwGH0501","untreated","B","B","C",0.335753196414875
"i294","Reporter.intensity.corrected.6","XwGH0507","LPS","B","B","C",0.698221877846547
"i295","Reporter.intensity.corrected.7","XwGH0507","LPS","B","B","C",0.346832975539495
"i296","Reporter.intensity.corrected.8","XwGH0507","LPS","B","B","C",0.313116251418752
"i297","Reporter.intensity.corrected.9","XwGH0507","LPS","B","B","C",0.307409608968595
"i298","Reporter.intensity.corrected.10","XwGH0507","untreated","B","B","C",0.355958619452935
"i299","Reporter.intensity.corrected.11","XwGH0507","untreated","B","B","C",0.393174637381727
"i30","Reporter.intensity.corrected.14","XwGH0501","control","B","B","C",0.629073855172815
"i300","Reporter.intensity.corrected.12","XwGH0507","untreated","B","B","C",0.338869403262914
"i301","Reporter.intensity.corrected.13","XwGH0507","untreated","B","B","C",0.315575514040128
"i302","Reporter.intensity.corrected.14","XwGH0507","control","B","B","C",0.643260095035732
"i303","Reporter.intensity.corrected.15","XwGH0507","untreated","B","B","C",0.311190355799828
"i304","Reporter.intensity.corrected.16","XwGH0507","LPS","B","B","C",0.320369167084235
"i31","Reporter.intensity.corrected.15","XwGH0501","untreated","B","B","C",0.531009383353369
"i310","Reporter.intensity.corrected.6","XwGH0511","LPS","B","B","C",0.627576360272349
"i311","Reporter.intensity.corrected.7","XwGH0511","LPS","B","B","C",0.317115743757227
"i312","Reporter.intensity.corrected.8","XwGH0511","LPS","B","B","C",0.299440357967487
"i313","Reporter.intensity.corrected.9","XwGH0511","LPS","B","B","C",0.351106632327555
"i314","Reporter.intensity.corrected.10","XwGH0511","untreated","B","B","C",0.308707633005478
"i315","Reporter.intensity.corrected.11","XwGH0511","untreated","B","B","C",0.369764234441057
"i316","Reporter.intensity.corrected.12","XwGH0511","untreated","B","B","C",0.319767213359218
"i317","Reporter.intensity.corrected.13","XwGH0511","untreated","B","B","C",0.345401613356446
"i318","Reporter.intensity.corrected.14","XwGH0511","control","B","B","C",0.592288036434153
"i319","Reporter.intensity.corrected.15","XwGH0511","untreated","B","B","C",0.349459747382606
"i32","Reporter.intensity.corrected.16","XwGH0501","LPS","B","B","C",0.38554428085242
"i320","Reporter.intensity.corrected.16","XwGH0511","LPS","B","B","C",0.336913613729331
"i326","Reporter.intensity.corrected.6","XwGH0512","LPS","B","B","C",0.319646032890845
"i327","Reporter.intensity.corrected.7","XwGH0512","untreated","B","B","C",0.304044861266215
"i328","Reporter.intensity.corrected.8","XwGH0512","untreated","B","B","C",0.421003043383666
"i329","Reporter.intensity.corrected.9","XwGH0512","untreated","B","B","C",0.345370076832865
"i330","Reporter.intensity.corrected.10","XwGH0512","untreated","B","B","C",0.31608075781464
"i331","Reporter.intensity.corrected.11","XwGH0512","untreated","B","B","C",0.318344884859653
"i332","Reporter.intensity.corrected.12","XwGH0512","untreated","B","B","C",0.390126310671405
"i333","Reporter.intensity.corrected.13","XwGH0512","LPS","B","B","C",0.320521727841894
"i334","Reporter.intensity.corrected.14","XwGH0512","LPS","B","B","C",0.32321362181712
"i335","Reporter.intensity.corrected.15","XwGH0512","LPS","B","B","C",0.306956557760676
"i336","Reporter.intensity.corrected.16","XwGH0512","LPS","B","B","C",0.305126701530536
"i342","Reporter.intensity.corrected.6","XwGH0515","LPS","B","B","C",0.313629052511655
"i343","Reporter.intensity.corrected.7","XwGH0515","LPS","B","B","C",0.299777986248393
"i344","Reporter.intensity.corrected.8","XwGH0515","LPS","B","B","C",0.320532876983907
"i345","Reporter.intensity.corrected.9","XwGH0515","LPS","B","B","C",0.342431335474329
"i346","Reporter.intensity.corrected.10","XwGH0515","untreated","B","B","C",0.406733948621605
"i347","Reporter.intensity.corrected.11","XwGH0515","untreated","B","B","C",0.741583561431109
"i348","Reporter.intensity.corrected.12","XwGH0515","untreated","B","B","C",0.329926313978362
"i349","Reporter.intensity.corrected.13","XwGH0515","untreated","B","B","C",0.31260192283668
"i350","Reporter.intensity.corrected.14","XwGH0515","control","B","B","C",0.688511327335072
"i351","Reporter.intensity.corrected.15","XwGH0515","untreated","B","B","C",0.328778342903771
"i352","Reporter.intensity.corrected.16","XwGH0515","LPS","B","B","C",0.279765179062843
"i358","Reporter.intensity.corrected.6","XwGH0517","LPS","B","B","C",0.304892230468286
"i359","Reporter.intensity.corrected.7","XwGH0517","LPS","B","B","C",0.535388480735783
"i360","Reporter.intensity.corrected.8","XwGH0517","untreated","B","B","C",0.356119809390585
"i361","Reporter.intensity.corrected.9","XwGH0517","untreated","B","B","C",0.324383547006553
"i362","Reporter.intensity.corrected.10","XwGH0517","untreated","B","B","C",0.309174490682023
"i363","Reporter.intensity.corrected.11","XwGH0517","untreated","B","B","C",0.341654999283833
"i364","Reporter.intensity.corrected.12","XwGH0517","untreated","B","B","C",0.282922914139382
"i365","Reporter.intensity.corrected.13","XwGH0517","control","B","B","C",0.684893973783301
"i366","Reporter.intensity.corrected.14","XwGH0517","LPS","B","B","C",0.33435522614969
"i367","Reporter.intensity.corrected.15","XwGH0517","LPS","B","B","C",0.552699803071043
"i368","Reporter.intensity.corrected.16","XwGH0517","LPS","B","B","C",0.314244759335086
"i374","Reporter.intensity.corrected.6","XwGH0518","LPS","B","B","C",0.281253038090729
"i375","Reporter.intensity.corrected.7","XwGH0518","LPS","B","B","C",0.37605804221327
"i376","Reporter.intensity.corrected.8","XwGH0518","LPS","B","B","C",0.296049667185049
"i377","Reporter.intensity.corrected.9","XwGH0518","untreated","B","B","C",0.297416840733883
"i378","Reporter.intensity.corrected.10","XwGH0518","untreated","B","B","C",0.374837139703046
"i379","Reporter.intensity.corrected.11","XwGH0518","untreated","B","B","C",0.312007730677726
"i38","Reporter.intensity.corrected.6","XwGH0503","LPS","B","B","C",0.298476935505774
"i380","Reporter.intensity.corrected.12","XwGH0518","untreated","B","B","C",0.309743863127603
"i381","Reporter.intensity.corrected.13","XwGH0518","untreated","B","B","C",0.30985563555853
"i382","Reporter.intensity.corrected.14","XwGH0518","LPS","B","B","C",0.287193365631443
"i383","Reporter.intensity.corrected.15","XwGH0518","control","B","B","C",0.627668656446987
"i384","Reporter.intensity.corrected.16","XwGH0518","LPS","B","B","C",0.2985132590602
"i39","Reporter.intensity.corrected.7","XwGH0503","LPS","B","B","C",0.317667606219922
"i390","Reporter.intensity.corrected.6","XwGH0520","LPS","B","B","C",0.294895230078071
"i391","Reporter.intensity.corrected.7","XwGH0520","LPS","B","B","C",0.303446550707124
"i392","Reporter.intensity.corrected.8","XwGH0520","LPS","B","B","C",0.360990505224195
"i393","Reporter.intensity.corrected.9","XwGH0520","LPS","B","B","C",0.29017769478712
"i394","Reporter.intensity.corrected.10","XwGH0520","LPS","B","B","C",0.29322110479862
"i395","Reporter.intensity.corrected.11","XwGH0520","untreated","B","B","C",0.339886911881208
"i396","Reporter.intensity.corrected.12","XwGH0520","untreated","B","B","C",0.365077216808887
"i397","Reporter.intensity.corrected.13","XwGH0520","untreated","B","B","C",0.345562446999659
"i398","Reporter.intensity.corrected.14","XwGH0520","untreated","B","B","C",0.354388869508268
"i399","Reporter.intensity.corrected.15","XwGH0520","untreated","B","B","C",0.314490556263279
"i40","Reporter.intensity.corrected.8","XwGH0503","LPS","B","B","C",0.352560503067834
"i400","Reporter.intensity.corrected.16","XwGH0520","control","B","B","C",0.629658003337421
"i406","Reporter.intensity.corrected.6","XwGH0521","LPS","B","B","C",0.632326996282443
"i407","Reporter.intensity.corrected.7","XwGH0521","untreated","B","B","C",0.423703823289325
"i408","Reporter.intensity.corrected.8","XwGH0521","untreated","B","B","C",0.303762353830233
"i409","Reporter.intensity.corrected.9","XwGH0521","untreated","B","B","C",0.312269496283136
"i41","Reporter.intensity.corrected.9","XwGH0503","LPS","B","B","C",0.327176514587409
"i410","Reporter.intensity.corrected.10","XwGH0521","untreated","B","B","C",0.358026137888224
"i411","Reporter.intensity.corrected.11","XwGH0521","untreated","B","B","C",0.398798156528626
"i412","Reporter.intensity.corrected.12","XwGH0521","untreated","B","B","C",0.356513258505052
"i413","Reporter.intensity.corrected.13","XwGH0521","LPS","B","B","C",0.303740485684444
"i414","Reporter.intensity.corrected.14","XwGH0521","LPS","B","B","C",0.316545603915363
"i415","Reporter.intensity.corrected.15","XwGH0521","LPS","B","B","C",0.331754448272643
"i416","Reporter.intensity.corrected.16","XwGH0521","LPS","B","B","C",0.3357271661227
"i42","Reporter.intensity.corrected.10","XwGH0503","untreated","B","B","C",0.367522631132711
"i422","Reporter.intensity.corrected.6","XwGH0524","LPS","B","B","C",0.309146305810866
"i423","Reporter.intensity.corrected.7","XwGH0524","LPS","B","B","C",0.310644775144541
"i424","Reporter.intensity.corrected.8","XwGH0524","LPS","B","B","C",0.330886279242996
"i425","Reporter.intensity.corrected.9","XwGH0524","LPS","B","B","C",0.315166533751004
"i426","Reporter.intensity.corrected.10","XwGH0524","untreated","B","B","C",0.341574144875657
"i427","Reporter.intensity.corrected.11","XwGH0524","untreated","B","B","C",0.30231505062628
"i428","Reporter.intensity.corrected.12","XwGH0524","untreated","B","B","C",0.357191060163088
"i429","Reporter.intensity.corrected.13","XwGH0524","untreated","B","B","C",0.32831886239078
"i43","Reporter.intensity.corrected.11","XwGH0503","untreated","B","B","C",0.383523863045832
"i430","Reporter.intensity.corrected.14","XwGH0524","control","B","B","C",0.666680502837193
"i431","Reporter.intensity.corrected.15","XwGH0524","untreated","B","B","C",0.57247281603736
"i432","Reporter.intensity.corrected.16","XwGH0524","LPS","B","B","C",0.340471628215511
"i438","Reporter.intensity.corrected.6","XwGH0529","untreated","B","B","C",0.320632286866232
"i439","Reporter.intensity.corrected.7","XwGH0529","untreated","B","B","C",0.406772967059195
"i44","Reporter.intensity.corrected.12","XwGH0503","untreated","B","B","C",0.324249814541221
"i440","Reporter.intensity.corrected.8","XwGH0529","control","B","B","C",0.666610451543508
"i441","Reporter.intensity.corrected.9","XwGH0529","LPS","B","B","C",0.337087055023156
"i442","Reporter.intensity.corrected.10","XwGH0529","LPS","B","B","C",0.306618190712491
"i443","Reporter.intensity.corrected.11","XwGH0529","LPS","B","B","C",0.314007687658626
"i444","Reporter.intensity.corrected.12","XwGH0529","LPS","B","B","C",0.337205948452091
"i445","Reporter.intensity.corrected.13","XwGH0529","LPS","B","B","C",0.316386927216467
"i446","Reporter.intensity.corrected.14","XwGH0529","untreated","B","B","C",0.377381343443811
"i447","Reporter.intensity.corrected.15","XwGH0529","untreated","B","B","C",0.514616743746848
"i448","Reporter.intensity.corrected.16","XwGH0529","untreated","B","B","C",0.340204011357051
"i45","Reporter.intensity.corrected.13","XwGH0503","untreated","B","B","C",0.343338291461467
"i454","Reporter.intensity.corrected.6","XwGH0533","untreated","B","B","C",0.285386186239482
"i455","Reporter.intensity.corrected.7","XwGH0533","untreated","B","B","C",0.349160836327844
"i456","Reporter.intensity.corrected.8","XwGH0533","untreated","B","B","C",0.302760299516442
"i457","Reporter.intensity.corrected.9","XwGH0533","untreated","B","B","C",0.354931759886371
"i458","Reporter.intensity.corrected.10","XwGH0533","untreated","B","B","C",0.323625899088635
"i459","Reporter.intensity.corrected.11","XwGH0533","control","B","B","C",0.697467961164545
"i46","Reporter.intensity.corrected.14","XwGH0503","control","B","B","C",0.659119741916675
"i460","Reporter.intensity.corrected.12","XwGH0533","LPS","B","B","C",0.324751231165168
"i461","Reporter.intensity.corrected.13","XwGH0533","LPS","B","B","C",0.307064569706801
"i462","Reporter.intensity.corrected.14","XwGH0533","LPS","B","B","C",0.300100645420527
"i463","Reporter.intensity.corrected.15","XwGH0533","LPS","B","B","C",0.317529457911705
"i464","Reporter.intensity.corrected.16","XwGH0533","LPS","B","B","C",0.319879577821118
"i47","Reporter.intensity.corrected.15","XwGH0503","untreated","B","B","C",0.314399743361618
"i470","Reporter.intensity.corrected.6","XwGH0534","untreated","B","B","C",0.332035593752859
"i471","Reporter.intensity.corrected.7","XwGH0534","untreated","B","B","C",0.308176722848862
"i472","Reporter.intensity.corrected.8","XwGH0534","untreated","B","B","C",0.305925483100479
"i473","Reporter.intensity.corrected.9","XwGH0534","control","B","B","C",0.693840317880782
"i474","Reporter.intensity.corrected.10","XwGH0534","LPS","B","B","C",0.315291254373533
"i475","Reporter.intensity.corrected.11","XwGH0534","LPS","B","B","C",0.308543273160772
"i476","Reporter.intensity.corrected.12","XwGH0534","LPS","B","B","C",0.290977329117858
"i477","Reporter.intensity.corrected.13","XwGH0534","LPS","B","B","C",0.291699843461976
"i478","Reporter.intensity.corrected.14","XwGH0534","untreated","B","B","C",0.358677199966213
"i479","Reporter.intensity.corrected.15","XwGH0534","LPS","B","B","C",0.284332637055859
"i48","Reporter.intensity.corrected.16","XwGH0503","LPS","B","B","C",0.336966787634333
"i480","Reporter.intensity.corrected.16","XwGH0534","untreated","B","B","C",0.304091043910172
"i486","Reporter.intensity.corrected.6","XwGH0525","LPS","B","B","C",0.384154940661561
"i487","Reporter.intensity.corrected.7","XwGH0525","LPS","B","B","C",0.391887861768924
"i488","Reporter.intensity.corrected.8","XwGH0525","LPS","B","B","C",0.486950727107378
"i489","Reporter.intensity.corrected.9","XwGH0525","LPS","B","B","C",0.321957663761396
"i490","Reporter.intensity.corrected.10","XwGH0525","LPS","B","B","C",0.33013544161852
"i491","Reporter.intensity.corrected.11","XwGH0525","untreated","B","B","C",0.318835711797194
"i492","Reporter.intensity.corrected.12","XwGH0525","untreated","B","B","C",0.310140749274785
"i493","Reporter.intensity.corrected.13","XwGH0525","untreated","B","B","C",0.319641540706017
"i494","Reporter.intensity.corrected.14","XwGH0525","untreated","B","B","C",0.420709793199383
"i495","Reporter.intensity.corrected.15","XwGH0525","untreated","B","B","C",0.357571580153602
"i496","Reporter.intensity.corrected.16","XwGH0525","control","B","B","C",0.556312705481874
"i502","Reporter.intensity.corrected.6","XwGH0527","untreated","B","B","C",0.353550993655699
"i503","Reporter.intensity.corrected.7","XwGH0527","untreated","B","B","C",0.405413885202496
"i504","Reporter.intensity.corrected.8","XwGH0527","untreated","B","B","C",0.421726109262689
"i505","Reporter.intensity.corrected.9","XwGH0527","untreated","B","B","C",0.355029421482878
"i506","Reporter.intensity.corrected.10","XwGH0527","untreated","B","B","C",0.370702931258897
"i507","Reporter.intensity.corrected.11","XwGH0527","control","B","B","C",0.527054596903164
"i508","Reporter.intensity.corrected.12","XwGH0527","LPS","B","B","C",0.330173735520907
"i509","Reporter.intensity.corrected.13","XwGH0527","LPS","B","B","C",0.408348707308247
"i510","Reporter.intensity.corrected.14","XwGH0527","LPS","B","B","C",0.310167350752862
"i511","Reporter.intensity.corrected.15","XwGH0527","LPS","B","B","C",0.315315747785078
"i512","Reporter.intensity.corrected.16","XwGH0527","LPS","B","B","C",0.36609523438579
"i518","Reporter.intensity.corrected.6","XwGH0516","LPS","B","B","C",0.314241102487201
"i519","Reporter.intensity.corrected.7","XwGH0516","LPS","B","B","C",0.297907002645156
"i520","Reporter.intensity.corrected.8","XwGH0516","LPS","B","B","C",0.303780427326628
"i521","Reporter.intensity.corrected.9","XwGH0516","LPS","B","B","C",0.309731850827757
"i522","Reporter.intensity.corrected.10","XwGH0516","LPS","B","B","C",0.323204319214552
"i523","Reporter.intensity.corrected.11","XwGH0516","untreated","B","B","C",0.324143615383912
"i524","Reporter.intensity.corrected.12","XwGH0516","untreated","B","B","C",0.328294132745557
"i525","Reporter.intensity.corrected.13","XwGH0516","untreated","B","B","C",0.367415328624849
"i526","Reporter.intensity.corrected.14","XwGH0516","untreated","B","B","C",0.327736146794624
"i527","Reporter.intensity.corrected.15","XwGH0516","untreated","B","B","C",0.330662950559838
"i528","Reporter.intensity.corrected.16","XwGH0516","control","B","B","C",0.594004999514363
"i534","Reporter.intensity.corrected.6","XwGH0532","untreated","B","B","C",0.364635690102159
"i535","Reporter.intensity.corrected.7","XwGH0532","untreated","B","B","C",0.355982051966028
"i536","Reporter.intensity.corrected.8","XwGH0532","control","B","B","C",0.594689960000555
"i537","Reporter.intensity.corrected.9","XwGH0532","LPS","B","B","C",0.365473581617669
"i538","Reporter.intensity.corrected.10","XwGH0532","LPS","B","B","C",0.313941597795196
"i539","Reporter.intensity.corrected.11","XwGH0532","LPS","B","B","C",0.349911626022425
"i54","Reporter.intensity.corrected.6","XwGH0509","untreated","B","B","C",0.327834366606286
"i540","Reporter.intensity.corrected.12","XwGH0532","LPS","B","B","C",0.315286017071923
"i541","Reporter.intensity.corrected.13","XwGH0532","LPS","B","B","C",0.355663388546847
"i542","Reporter.intensity.corrected.14","XwGH0532","untreated","B","B","C",0.344850036117229
"i543","Reporter.intensity.corrected.15","XwGH0532","untreated","B","B","C",0.292312386183346
"i544","Reporter.intensity.corrected.16","XwGH0532","untreated","B","B","C",0.636257256763228
"i55","Reporter.intensity.corrected.7","XwGH0509","untreated","B","B","C",0.714021192074515
"i550","Reporter.intensity.corrected.6","XwGH0505","untreated","B","B","C",0.664885307402279
"i551","Reporter.intensity.corrected.7","XwGH0505","untreated","B","B","C",0.348648821626715
"i552","Reporter.intensity.corrected.8","XwGH0505","untreated","B","B","C",0.327698380339028
"i553","Reporter.intensity.corrected.9","XwGH0505","control","B","B","C",0.681469650667467
"i554","Reporter.intensity.corrected.10","XwGH0505","LPS","B","B","C",0.325950107821721
"i555","Reporter.intensity.corrected.11","XwGH0505","LPS","B","B","C",0.311696339421282
"i556","Reporter.intensity.corrected.12","XwGH0505","LPS","B","B","C",0.298949768345004
"i557","Reporter.intensity.corrected.13","XwGH0505","LPS","B","B","C",0.329713223971807
"i558","Reporter.intensity.corrected.14","XwGH0505","untreated","B","B","C",0.306550240504382
"i559","Reporter.intensity.corrected.15","XwGH0505","LPS","B","B","C",0.323403471823401
"i56","Reporter.intensity.corrected.8","XwGH0509","untreated","B","B","C",0.374400223490335
"i560","Reporter.intensity.corrected.16","XwGH0505","untreated","B","B","C",0.316883717873747
"i566","Reporter.intensity.corrected.6","XwGH0514","untreated","B","B","C",0.332639561800395
"i567","Reporter.intensity.corrected.7","XwGH0514","untreated","B","B","C",0.359026170791777
"i568","Reporter.intensity.corrected.8","XwGH0514","untreated","B","B","C",0.360483302750853
"i569","Reporter.intensity.corrected.9","XwGH0514","untreated","B","B","C",0.316229344860892
"i57","Reporter.intensity.corrected.9","XwGH0509","untreated","B","B","C",0.310787122339125
"i570","Reporter.intensity.corrected.10","XwGH0514","control","B","B","C",0.700716641679341
"i571","Reporter.intensity.corrected.11","XwGH0514","LPS","B","B","C",0.304905107829221
"i572","Reporter.intensity.corrected.12","XwGH0514","LPS","B","B","C",0.298925146528035
"i573","Reporter.intensity.corrected.13","XwGH0514","LPS","B","B","C",0.334083643734558
"i574","Reporter.intensity.corrected.14","XwGH0514","LPS","B","B","C",0.299629139603706
"i575","Reporter.intensity.corrected.15","XwGH0514","LPS","B","B","C",0.324569308087589
"i576","Reporter.intensity.corrected.16","XwGH0514","untreated","B","B","C",0.311357105942664
"i58","Reporter.intensity.corrected.10","XwGH0509","control","B","B","C",0.75449977854909
"i582","Reporter.intensity.corrected.6","XwGH0523","untreated","B","B","C",0.304312463735575
"i583","Reporter.intensity.corrected.7","XwGH0523","untreated","B","B","C",0.344841911496107
"i584","Reporter.intensity.corrected.8","XwGH0523","untreated","B","B","C",0.331264048052585
"i585","Reporter.intensity.corrected.9","XwGH0523","untreated","B","B","C",0.345497596291065
"i586","Reporter.intensity.corrected.10","XwGH0523","control","B","B","C",0.710673298350818
"i587","Reporter.intensity.corrected.11","XwGH0523","LPS","B","B","C",0.34055450270965
"i588","Reporter.intensity.corrected.12","XwGH0523","LPS","B","B","C",0.296377254280999
"i589","Reporter.intensity.corrected.13","XwGH0523","LPS","B","B","C",0.297981011121296
"i59","Reporter.intensity.corrected.11","XwGH0509","LPS","B","B","C",0.3332643043052
"i590","Reporter.intensity.corrected.14","XwGH0523","LPS","B","B","C",0.30527436673473
"i591","Reporter.intensity.corrected.15","XwGH0523","LPS","B","B","C",0.310421193068595
"i592","Reporter.intensity.corrected.16","XwGH0523","untreated","B","B","C",0.329054435469684
"i598","Reporter.intensity.corrected.6","XwGH0508","LPS","B","B","C",0.338959259570097
"i599","Reporter.intensity.corrected.7","XwGH0508","LPS","B","B","C",0.378424780519485
"i6","Reporter.intensity.corrected.6","XwGH0500","LPS","B","B","C",0.343547207862369
"i60","Reporter.intensity.corrected.12","XwGH0509","LPS","B","B","C",0.455514934556398
"i600","Reporter.intensity.corrected.8","XwGH0508","LPS","B","B","C",0.639665585534301
"i601","Reporter.intensity.corrected.9","XwGH0508","untreated","B","B","C",0.327664392214971
"i602","Reporter.intensity.corrected.10","XwGH0508","untreated","B","B","C",0.325776407800236
"i603","Reporter.intensity.corrected.11","XwGH0508","untreated","B","B","C",0.347270112158175
"i604","Reporter.intensity.corrected.12","XwGH0508","untreated","B","B","C",0.33968037704027
"i605","Reporter.intensity.corrected.13","XwGH0508","untreated","B","B","C",0.321777619984374
"i606","Reporter.intensity.corrected.14","XwGH0508","LPS","B","B","C",0.347120534406694
"i607","Reporter.intensity.corrected.15","XwGH0508","control","B","B","C",0.601926272232524
"i608","Reporter.intensity.corrected.16","XwGH0508","LPS","B","B","C",0.328185829918701
"i61","Reporter.intensity.corrected.13","XwGH0509","LPS","B","B","C",0.354632004052432
"i614","Reporter.intensity.corrected.6","XwGH0519","untreated","B","B","C",0.284646603614218
"i615","Reporter.intensity.corrected.7","XwGH0519","untreated","B","B","C",0.322105431324547
"i616","Reporter.intensity.corrected.8","XwGH0519","control","B","B","C",0.684690780804779
"i617","Reporter.intensity.corrected.9","XwGH0519","LPS","B","B","C",0.28144916901746
"i618","Reporter.intensity.corrected.10","XwGH0519","LPS","B","B","C",0.307574824149717
"i619","Reporter.intensity.corrected.11","XwGH0519","LPS","B","B","C",0.269618552158038
"i62","Reporter.intensity.corrected.14","XwGH0509","LPS","B","B","C",0.637697991685858
"i620","Reporter.intensity.corrected.12","XwGH0519","LPS","B","B","C",0.259059078429105
"i621","Reporter.intensity.corrected.13","XwGH0519","LPS","B","B","C",0.275295400921867
"i622","Reporter.intensity.corrected.14","XwGH0519","untreated","B","B","C",0.347736540612092
"i623","Reporter.intensity.corrected.15","XwGH0519","untreated","B","B","C",0.293537554822262
"i624","Reporter.intensity.corrected.16","XwGH0519","untreated","B","B","C",0.340488485502477
"i63","Reporter.intensity.corrected.15","XwGH0509","LPS","B","B","C",0.314119198290971
"i630","Reporter.intensity.corrected.6","XwGH0522","LPS","B","B","C",0.29221804737317
"i631","Reporter.intensity.corrected.7","XwGH0522","LPS","B","B","C",0.301040745605096
"i632","Reporter.intensity.corrected.8","XwGH0522","untreated","B","B","C",0.317397070326445
"i633","Reporter.intensity.corrected.9","XwGH0522","untreated","B","B","C",0.322591430358779
"i634","Reporter.intensity.corrected.10","XwGH0522","untreated","B","B","C",0.30514648624409
"i635","Reporter.intensity.corrected.11","XwGH0522","untreated","B","B","C",0.316300838554659
"i636","Reporter.intensity.corrected.12","XwGH0522","untreated","B","B","C",0.307704339285684
"i637","Reporter.intensity.corrected.13","XwGH0522","control","B","B","C",0.615824404681057
"i638","Reporter.intensity.corrected.14","XwGH0522","LPS","B","B","C",0.347290844653582
"i639","Reporter.intensity.corrected.15","XwGH0522","LPS","B","B","C",0.295425806267863
"i64","Reporter.intensity.corrected.16","XwGH0509","untreated","B","B","C",0.326161592944697
"i640","Reporter.intensity.corrected.16","XwGH0522","LPS","B","B","C",0.316696804410838
"i7","Reporter.intensity.corrected.7","XwGH0500","LPS","B","B","C",0.318120260957468
"i70","Reporter.intensity.corrected.6","XwGH0510","LPS","B","B","C",0.307058109063675
"i71","Reporter.intensity.corrected.7","XwGH0510","untreated","B","B","C",0.346955806251369
"i72","Reporter.intensity.corrected.8","XwGH0510","untreated","B","B","C",0.360400703184913
"i73","Reporter.intensity.corrected.9","XwGH0510","untreated","B","B","C",0.299640930396034
"i74","Reporter.intensity.corrected.10","XwGH0510","untreated","B","B","C",0.402769679153231
"i75","Reporter.intensity.corrected.11","XwGH0510","untreated","B","B","C",0.327985895586539
"i76","Reporter.intensity.corrected.12","XwGH0510","untreated","B","B","C",0.728793572803558
"i77","Reporter.intensity.corrected.13","XwGH0510","LPS","B","B","C",0.302109631876578
"i78","Reporter.intensity.corrected.14","XwGH0510","LPS","B","B","C",0.326546761004326
"i79","Reporter.intensity.corrected.15","XwGH0510","LPS","B","B","C",0.306535424625133
"i8","Reporter.intensity.corrected.8","XwGH0500","untreated","B","B","C",0.321353517504176
"i80","Reporter.intensity.corrected.16","XwGH0510","LPS","B","B","C",0.328639822391271
"i86","Reporter.intensity.corrected.6","XwGH0513","LPS","B","B","C",0.278517165843239
"i87","Reporter.intensity.corrected.7","XwGH0513","LPS","B","B","C",0.392442653148052
"i88","Reporter.intensity.corrected.8","XwGH0513","LPS","B","B","C",0.31520663660082
"i89","Reporter.intensity.corrected.9","XwGH0513","untreated","B","B","C",0.291720665863135
"i9","Reporter.intensity.corrected.9","XwGH0500","untreated","B","B","C",0.319359136712407
"i90","Reporter.intensity.corrected.10","XwGH0513","untreated","B","B","C",0.369512132954525
"i91","Reporter.intensity.corrected.11","XwGH0513","untreated","B","B","C",0.308976759414629
"i92","Reporter.intensity.corrected.12","XwGH0513","untreated","B","B","C",0.312929947074132
"i93","Reporter.intensity.corrected.13","XwGH0513","untreated","B","B","C",0.37067430021867
"i94","Reporter.intensity.corrected.14","XwGH0513","LPS","B","B","C",0.326543200801505
"i95","Reporter.intensity.corrected.15","XwGH0513","control","B","B","C",0.571636593996733
"i96","Reporter.intensity.corrected.16","XwGH0513","LPS","B","B","C",0.318170410551903
